auc,dalle2,dalle3,firefly,midjourney-v5,AVG
clip,0.9006765432098766,0.9875777777777778,0.938625925925926,0.9056209876543211,0.9331253086419753
