auc,dalle2,dalle3,firefly,midjourney-v5,AVG
clip,0.6401254973982247,0.4203101724313846,0.5312457912457912,0.4884950515253546,0.5200441281501887
