auc,dalle2,dalle3,firefly,midjourney-v5,AVG
clip,0.868820987654321,0.9990592592592593,0.9496913580246914,0.9430913580246914,0.9401657407407407
