auc,dalle2,dalle3,firefly,midjourney-v5,AVG
clip,0.7799316396286092,0.9898530762167126,0.8752759922456892,0.851342720130599,0.8741008570554024
