auc,dalle2,dalle3,firefly,midjourney-v5,AVG
clip,0.8592762729198626,0.9897674483161663,0.9429303857111551,0.912642793483819,0.9261542251077508
