auc,dalle2,dalle3,firefly,midjourney-v5,AVG
clip,0.8633209876543211,0.9986456790123457,0.9608851851851852,0.9544703703703704,0.9443305555555557
