auc,dalle2,dalle3,firefly,midjourney-v5,AVG
clip,0.7799846954392409,0.9981542699724518,0.8838853178247118,0.8727538006325886,0.8836945209672482
