auc,dalle2,dalle3,firefly,midjourney-v5,AVG
clip,0.7045082548031266,0.7098783147052378,0.6972759953247132,0.5577716743370589,0.6673585597925341
