auc,dalle2,dalle3,firefly,midjourney-v5,AVG
clip,0.8914358024691358,0.7720641975308642,0.796132098765432,0.7504641975308641,0.802524074074074
