auc,dalle2,dalle3,firefly,midjourney-v5,AVG
clip,0.8918141006019794,0.7754280175492296,0.8013029282726252,0.7525436179981635,0.8052721661054995
