auc,dalle2,dalle3,firefly,midjourney-v5,AVG
clip,0.7473829999999999,0.9720390000000001,0.872528,0.8468030000000002,0.85968825
