auc,dalle2,dalle3,firefly,midjourney-v5,AVG
clipdet_latent10k_plus,0.862997,0.9286569999999998,0.8749040000000001,0.816728,0.8708215
fusion,0.862997,0.9286569999999998,0.8749040000000001,0.816728,0.8708215
